state_name,resource_type_name,sanctioned_quantity,actual_quantity,available_quantity,reference_year,source_name,source_publication,source_url,source_geography,data_as_of
ANDAMAN AND NICOBAR ISLANDS,Police Officers,4988,4302,4302,2020,"Bureau of Police Research and Development (BPR&D), Ministry of Home Affairs",Data on Police Organizations (DoPO) as on 01.01.2020 / Lok Sabha Unstarred Question No. 2239,https://sansad.in/getFile/loksabhaquestions/annex/178/AU2239.pdf,STATE,2020-01-01
ANDHRA PRADESH,Police Officers,73894,59553,59553,2020,"Bureau of Police Research and Development (BPR&D), Ministry of Home Affairs",Data on Police Organizations (DoPO) as on 01.01.2020 / Lok Sabha Unstarred Question No. 2239,https://sansad.in/getFile/loksabhaquestions/annex/178/AU2239.pdf,STATE,2020-01-01
ARUNACHAL PRADESH,Police Officers,15283,12546,12546,2020,"Bureau of Police Research and Development (BPR&D), Ministry of Home Affairs",Data on Police Organizations (DoPO) as on 01.01.2020 / Lok Sabha Unstarred Question No. 2239,https://sansad.in/getFile/loksabhaquestions/annex/178/AU2239.pdf,STATE,2020-01-01
ASSAM,Police Officers,86959,71608,71608,2020,"Bureau of Police Research and Development (BPR&D), Ministry of Home Affairs",Data on Police Organizations (DoPO) as on 01.01.2020 / Lok Sabha Unstarred Question No. 2239,https://sansad.in/getFile/loksabhaquestions/annex/178/AU2239.pdf,STATE,2020-01-01
BIHAR,Police Officers,138961,91862,91862,2020,"Bureau of Police Research and Development (BPR&D), Ministry of Home Affairs",Data on Police Organizations (DoPO) as on 01.01.2020 / Lok Sabha Unstarred Question No. 2239,https://sansad.in/getFile/loksabhaquestions/annex/178/AU2239.pdf,STATE,2020-01-01
CHANDIGARH,Police Officers,8902,7711,7711,2020,"Bureau of Police Research and Development (BPR&D), Ministry of Home Affairs",Data on Police Organizations (DoPO) as on 01.01.2020 / Lok Sabha Unstarred Question No. 2239,https://sansad.in/getFile/loksabhaquestions/annex/178/AU2239.pdf,STATE,2020-01-01
CHHATTISGARH,Police Officers,75664,63839,63839,2020,"Bureau of Police Research and Development (BPR&D), Ministry of Home Affairs",Data on Police Organizations (DoPO) as on 01.01.2020 / Lok Sabha Unstarred Question No. 2239,https://sansad.in/getFile/loksabhaquestions/annex/178/AU2239.pdf,STATE,2020-01-01
DADRA AND NAGAR HAVELI AND DAMAN AND DIU,Police Officers,1481,1225,1225,2020,"Bureau of Police Research and Development (BPR&D), Ministry of Home Affairs",Data on Police Organizations (DoPO) as on 01.01.2020 / Lok Sabha Unstarred Question No. 2239,https://sansad.in/getFile/loksabhaquestions/annex/178/AU2239.pdf,STATE,2020-01-01
GOA,Police Officers,10184,7907,7907,2020,"Bureau of Police Research and Development (BPR&D), Ministry of Home Affairs",Data on Police Organizations (DoPO) as on 01.01.2020 / Lok Sabha Unstarred Question No. 2239,https://sansad.in/getFile/loksabhaquestions/annex/178/AU2239.pdf,STATE,2020-01-01
GUJARAT,Police Officers,111427,84078,84078,2020,"Bureau of Police Research and Development (BPR&D), Ministry of Home Affairs",Data on Police Organizations (DoPO) as on 01.01.2020 / Lok Sabha Unstarred Question No. 2239,https://sansad.in/getFile/loksabhaquestions/annex/178/AU2239.pdf,STATE,2020-01-01
HARYANA,Police Officers,69849,52088,52088,2020,"Bureau of Police Research and Development (BPR&D), Ministry of Home Affairs",Data on Police Organizations (DoPO) as on 01.01.2020 / Lok Sabha Unstarred Question No. 2239,https://sansad.in/getFile/loksabhaquestions/annex/178/AU2239.pdf,STATE,2020-01-01
HIMACHAL PRADESH,Police Officers,18849,17623,17623,2020,"Bureau of Police Research and Development (BPR&D), Ministry of Home Affairs",Data on Police Organizations (DoPO) as on 01.01.2020 / Lok Sabha Unstarred Question No. 2239,https://sansad.in/getFile/loksabhaquestions/annex/178/AU2239.pdf,STATE,2020-01-01
JAMMU AND KASHMIR,Police Officers,91213,80938,80938,2020,"Bureau of Police Research and Development (BPR&D), Ministry of Home Affairs",Data on Police Organizations (DoPO) as on 01.01.2020 / Lok Sabha Unstarred Question No. 2239,https://sansad.in/getFile/loksabhaquestions/annex/178/AU2239.pdf,STATE,2020-01-01
JHARKHAND,Police Officers,82277,64938,64938,2020,"Bureau of Police Research and Development (BPR&D), Ministry of Home Affairs",Data on Police Organizations (DoPO) as on 01.01.2020 / Lok Sabha Unstarred Question No. 2239,https://sansad.in/getFile/loksabhaquestions/annex/178/AU2239.pdf,STATE,2020-01-01
KARNATAKA,Police Officers,104599,83259,83259,2020,"Bureau of Police Research and Development (BPR&D), Ministry of Home Affairs",Data on Police Organizations (DoPO) as on 01.01.2020 / Lok Sabha Unstarred Question No. 2239,https://sansad.in/getFile/loksabhaquestions/annex/178/AU2239.pdf,STATE,2020-01-01
KERALA,Police Officers,62571,53723,53723,2020,"Bureau of Police Research and Development (BPR&D), Ministry of Home Affairs",Data on Police Organizations (DoPO) as on 01.01.2020 / Lok Sabha Unstarred Question No. 2239,https://sansad.in/getFile/loksabhaquestions/annex/178/AU2239.pdf,STATE,2020-01-01
LADAKH,Police Officers,2393,1673,1673,2020,"Bureau of Police Research and Development (BPR&D), Ministry of Home Affairs",Data on Police Organizations (DoPO) as on 01.01.2020 / Lok Sabha Unstarred Question No. 2239,https://sansad.in/getFile/loksabhaquestions/annex/178/AU2239.pdf,STATE,2020-01-01
LAKSHADWEEP,Police Officers,321,267,267,2020,"Bureau of Police Research and Development (BPR&D), Ministry of Home Affairs",Data on Police Organizations (DoPO) as on 01.01.2020 / Lok Sabha Unstarred Question No. 2239,https://sansad.in/getFile/loksabhaquestions/annex/178/AU2239.pdf,STATE,2020-01-01
MADHYA PRADESH,Police Officers,130984,99496,99496,2020,"Bureau of Police Research and Development (BPR&D), Ministry of Home Affairs",Data on Police Organizations (DoPO) as on 01.01.2020 / Lok Sabha Unstarred Question No. 2239,https://sansad.in/getFile/loksabhaquestions/annex/178/AU2239.pdf,STATE,2020-01-01
MAHARASHTRA,Police Officers,243326,214776,214776,2020,"Bureau of Police Research and Development (BPR&D), Ministry of Home Affairs",Data on Police Organizations (DoPO) as on 01.01.2020 / Lok Sabha Unstarred Question No. 2239,https://sansad.in/getFile/loksabhaquestions/annex/178/AU2239.pdf,STATE,2020-01-01
MANIPUR,Police Officers,35044,29410,29410,2020,"Bureau of Police Research and Development (BPR&D), Ministry of Home Affairs",Data on Police Organizations (DoPO) as on 01.01.2020 / Lok Sabha Unstarred Question No. 2239,https://sansad.in/getFile/loksabhaquestions/annex/178/AU2239.pdf,STATE,2020-01-01
MEGHALAYA,Police Officers,16499,14760,14760,2020,"Bureau of Police Research and Development (BPR&D), Ministry of Home Affairs",Data on Police Organizations (DoPO) as on 01.01.2020 / Lok Sabha Unstarred Question No. 2239,https://sansad.in/getFile/loksabhaquestions/annex/178/AU2239.pdf,STATE,2020-01-01
MIZORAM,Police Officers,11286,8081,8081,2020,"Bureau of Police Research and Development (BPR&D), Ministry of Home Affairs",Data on Police Organizations (DoPO) as on 01.01.2020 / Lok Sabha Unstarred Question No. 2239,https://sansad.in/getFile/loksabhaquestions/annex/178/AU2239.pdf,STATE,2020-01-01
NAGALAND,Police Officers,26738,28113,28113,2020,"Bureau of Police Research and Development (BPR&D), Ministry of Home Affairs",Data on Police Organizations (DoPO) as on 01.01.2020 / Lok Sabha Unstarred Question No. 2239,https://sansad.in/getFile/loksabhaquestions/annex/178/AU2239.pdf,STATE,2020-01-01
NCT OF DELHI,Police Officers,91962,82195,82195,2020,"Bureau of Police Research and Development (BPR&D), Ministry of Home Affairs",Data on Police Organizations (DoPO) as on 01.01.2020 / Lok Sabha Unstarred Question No. 2239,https://sansad.in/getFile/loksabhaquestions/annex/178/AU2239.pdf,STATE,2020-01-01
ODISHA,Police Officers,66161,58455,58455,2020,"Bureau of Police Research and Development (BPR&D), Ministry of Home Affairs",Data on Police Organizations (DoPO) as on 01.01.2020 / Lok Sabha Unstarred Question No. 2239,https://sansad.in/getFile/loksabhaquestions/annex/178/AU2239.pdf,STATE,2020-01-01
PUDUCHERRY,Police Officers,4462,3431,3431,2020,"Bureau of Police Research and Development (BPR&D), Ministry of Home Affairs",Data on Police Organizations (DoPO) as on 01.01.2020 / Lok Sabha Unstarred Question No. 2239,https://sansad.in/getFile/loksabhaquestions/annex/178/AU2239.pdf,STATE,2020-01-01
PUNJAB,Police Officers,96297,85947,85947,2020,"Bureau of Police Research and Development (BPR&D), Ministry of Home Affairs",Data on Police Organizations (DoPO) as on 01.01.2020 / Lok Sabha Unstarred Question No. 2239,https://sansad.in/getFile/loksabhaquestions/annex/178/AU2239.pdf,STATE,2020-01-01
RAJASTHAN,Police Officers,110661,95262,95262,2020,"Bureau of Police Research and Development (BPR&D), Ministry of Home Affairs",Data on Police Organizations (DoPO) as on 01.01.2020 / Lok Sabha Unstarred Question No. 2239,https://sansad.in/getFile/loksabhaquestions/annex/178/AU2239.pdf,STATE,2020-01-01
SIKKIM,Police Officers,6488,5678,5678,2020,"Bureau of Police Research and Development (BPR&D), Ministry of Home Affairs",Data on Police Organizations (DoPO) as on 01.01.2020 / Lok Sabha Unstarred Question No. 2239,https://sansad.in/getFile/loksabhaquestions/annex/178/AU2239.pdf,STATE,2020-01-01
TAMIL NADU,Police Officers,124950,112745,112745,2020,"Bureau of Police Research and Development (BPR&D), Ministry of Home Affairs",Data on Police Organizations (DoPO) as on 01.01.2020 / Lok Sabha Unstarred Question No. 2239,https://sansad.in/getFile/loksabhaquestions/annex/178/AU2239.pdf,STATE,2020-01-01
TELANGANA,Police Officers,78369,48877,48877,2020,"Bureau of Police Research and Development (BPR&D), Ministry of Home Affairs",Data on Police Organizations (DoPO) as on 01.01.2020 / Lok Sabha Unstarred Question No. 2239,https://sansad.in/getFile/loksabhaquestions/annex/178/AU2239.pdf,STATE,2020-01-01
TRIPURA,Police Officers,29716,22791,22791,2020,"Bureau of Police Research and Development (BPR&D), Ministry of Home Affairs",Data on Police Organizations (DoPO) as on 01.01.2020 / Lok Sabha Unstarred Question No. 2239,https://sansad.in/getFile/loksabhaquestions/annex/178/AU2239.pdf,STATE,2020-01-01
UTTAR PRADESH,Police Officers,415315,303450,303450,2020,"Bureau of Police Research and Development (BPR&D), Ministry of Home Affairs",Data on Police Organizations (DoPO) as on 01.01.2020 / Lok Sabha Unstarred Question No. 2239,https://sansad.in/getFile/loksabhaquestions/annex/178/AU2239.pdf,STATE,2020-01-01
UTTARAKHAND,Police Officers,22083,21106,21106,2020,"Bureau of Police Research and Development (BPR&D), Ministry of Home Affairs",Data on Police Organizations (DoPO) as on 01.01.2020 / Lok Sabha Unstarred Question No. 2239,https://sansad.in/getFile/loksabhaquestions/annex/178/AU2239.pdf,STATE,2020-01-01
WEST BENGAL,Police Officers,153069,97775,97775,2020,"Bureau of Police Research and Development (BPR&D), Ministry of Home Affairs",Data on Police Organizations (DoPO) as on 01.01.2020 / Lok Sabha Unstarred Question No. 2239,https://sansad.in/getFile/loksabhaquestions/annex/178/AU2239.pdf,STATE,2020-01-01
ANDHRA PRADESH,Patrol Vehicles,,,9656,2024,Bureau of Police Research and Development (BPR&D),Data on Police Organizations (DoPO) / Dataful Dataset 20140,https://dataful.in/datasets/20140/,STATE,2024-01-01
ARUNACHAL PRADESH,Patrol Vehicles,,,1953,2024,Bureau of Police Research and Development (BPR&D),Data on Police Organizations (DoPO) / Dataful Dataset 20140,https://dataful.in/datasets/20140/,STATE,2024-01-01
ASSAM,Patrol Vehicles,,,4181,2024,Bureau of Police Research and Development (BPR&D),Data on Police Organizations (DoPO) / Dataful Dataset 20140,https://dataful.in/datasets/20140/,STATE,2024-01-01
