source_state,source_district,canonical_district_id,canonical_district_name,resource_code,actual_count,sanctioned_count,reference_year,data_status,source_name,source_document,source_url,source_page,methodology,confidence_score
ANDHRA PRADESH,Visakhapatnam,22,Visakhapatnam,POLICE_PERSONNEL_ACTUAL,2890,3420,2023,OFFICIAL_DISTRICT,Andhra Pradesh State Police Department,Visakhapatnam City Police Strength & Station Report,https://visakhapatnam.appolice.gov.in/,Administrative Setup,Official Police Department Personnel Audit,1.0
ANDHRA PRADESH,Visakhapatnam,22,Visakhapatnam,POLICE_STATIONS,48,48,2023,OFFICIAL_DISTRICT,Andhra Pradesh State Police Department,Visakhapatnam Police Station Directory,https://visakhapatnam.appolice.gov.in/,Police Stations List,Official Departmental Directory,1.0
ANDHRA PRADESH,Krishna,12,Krishna,POLICE_STATIONS,23,23,2024,OFFICIAL_DISTRICT,Andhra Pradesh State Police / Krishna District Administration,NTR Police Commissionerate & Krishna District Police Setup,https://krishna.ap.gov.in/,District Police Directory,Official District Administration Directory,1.0
TELANGANA,Hyderabad,9,Hyderabad,POLICE_PERSONNEL_ACTUAL,7420,8850,2023,OFFICIAL_POLICE_DEPARTMENT,Telangana State Police Department,Hyderabad City Police Commissionerate Annual Administration Report,https://hyderabadpolice.gov.in/,Manpower Statistics,Official Police Commissionerate Administrative Report,1.0
TELANGANA,Hyderabad,9,Hyderabad,POLICE_STATIONS,68,68,2023,OFFICIAL_POLICE_DEPARTMENT,Telangana State Police Department,Hyderabad City Police Stations Directory,https://hyderabadpolice.gov.in/,Police Stations Directory,Official Police Commissionerate Administrative Report,1.0
TELANGANA,Rangareddy,19,Rangareddy,POLICE_STATIONS,58,58,2024,OFFICIAL_POLICE_DEPARTMENT,Cyberabad Police Commissionerate / NeGD,Cyberabad Police Commissionerate Jurisdiction Registry (42 L&O + 16 Traffic),https://cyberabadpolice.gov.in/,Police Stations Directory,Official Commissionerate Registry,1.0
MAHARASHTRA,Mumbai,348,Mumbai,POLICE_PERSONNEL_ACTUAL,44150,53200,2022,OFFICIAL_DISTRICT,Maharashtra Police / Comptroller and Auditor General of India,CAG Performance Audit Report on Maharashtra Police Department,https://cag.gov.in/,Chapter 3 - Manpower Management,CAG Statutory Performance Audit Report,1.0
MAHARASHTRA,Mumbai,348,Mumbai,POLICE_STATIONS,94,94,2022,OFFICIAL_DISTRICT,Mumbai Police Commissionerate,Mumbai Police Station Jurisdiction Registry,https://mumbaipolice.gov.in/,Police Stations,Official Commissionerate Registry,1.0
MAHARASHTRA,Pune,356,Pune,POLICE_PERSONNEL_ACTUAL,9680,11250,2023,OFFICIAL_DISTRICT,Pune Police Commissionerate,Pune City Police Annual Review & Strength Report,https://punepolice.gov.in/,Administration & Staff Strength,Official Commissionerate Annual Review,1.0
MAHARASHTRA,Thane,363,Thane,POLICE_PERSONNEL_ACTUAL,10908,12100,2024,OFFICIAL_DISTRICT,Thane Police Commissionerate,Thane City Police Annual Establishment & Manpower Review,https://thanepolice.gov.in/,Administration & Staff Strength,Official Commissionerate Establishment Audit,1.0
MAHARASHTRA,Thane,363,Thane,POLICE_STATIONS,35,35,2024,OFFICIAL_DISTRICT,Thane Police Commissionerate,Thane Police Station Jurisdictional Directory,https://thanepolice.gov.in/,Police Stations List,Official Commissionerate Directory,1.0
MAHARASHTRA,Thane,363,Thane,EMERGENCY_RESPONSE_TEAMS,76,76,2023,OFFICIAL_DISTRICT,Navi Mumbai Police Commissionerate / Maharashtra Home Department,Dial 112 Emergency Response Support System MDT Vehicle Deployment,https://navimumbaipolice.gov.in/,Dial 112 Initiative,State ERSS MDT Fleet Deployment,1.0
MAHARASHTRA,Nagpur,350,Nagpur,POLICE_PERSONNEL_ACTUAL,7420,8650,2023,OFFICIAL_DISTRICT,Nagpur Police Commissionerate,Nagpur City Police Administration & Force Strength Report,https://nagpurpolice.gov.in/,Administrative Structure,Official Commissionerate Administrative Review,1.0
MAHARASHTRA,Nagpur,350,Nagpur,POLICE_STATIONS,40,40,2024,OFFICIAL_DISTRICT,Nagpur Police Commissionerate / District Collectorate Nagpur,Nagpur Police Station Directory & Zonal Registry,https://nagpurpolice.gov.in/,Police Stations Directory,Official Departmental Directory,1.0
KARNATAKA,Bangalore,238,Bangalore,POLICE_PERSONNEL_ACTUAL,15220,18400,2023,OFFICIAL_DISTRICT,Karnataka State Police Department,Bengaluru City Police Annual Administration Report,https://ksp.karnataka.gov.in/,BCP Sanctioned vs Actual Strength,Official Departmental Administration Report,1.0
KARNATAKA,Bangalore,238,Bangalore,POLICE_STATIONS,112,112,2023,OFFICIAL_DISTRICT,Karnataka State Police Department,Bengaluru City Police Stations List,https://ksp.karnataka.gov.in/,Directory of Stations,Official Departmental Directory,1.0
TAMIL NADU,Chennai,503,Chennai,POLICE_PERSONNEL_ACTUAL,20850,24100,2023,OFFICIAL_DISTRICT,Tamil Nadu Police Department,Greater Chennai Police Commissionerate Review,https://tnpolice.gov.in/,Organization & Strength,State Police Annual Review,1.0
TAMIL NADU,Chennai,503,Chennai,POLICE_STATIONS,104,104,2023,OFFICIAL_DISTRICT,Tamil Nadu Police Department / Chennai District,Greater Chennai Police Post-Trifurcation Station Registry,https://tnpolice.gov.in/,Police Stations Directory,Official Departmental Reorganization Gazette,1.0
TAMIL NADU,Coimbatore,504,Coimbatore,POLICE_STATIONS,20,20,2024,OFFICIAL_DISTRICT,Coimbatore City Police / Tamil Nadu Police,Coimbatore City Police Law & Order Stations Directory,https://coimbatore.nic.in/,Police Directory,Official District Directory,1.0
TAMIL NADU,Madurai,513,Madurai,POLICE_STATIONS,32,32,2024,OFFICIAL_DISTRICT,Madurai City Police / Tamil Nadu Police,Madurai City Police Commissionerate Station Directory,https://madurai.nic.in/,Police Administration,Official District Directory,1.0
TAMIL NADU,Tiruchirappalli,527,Tiruchirappalli,POLICE_STATIONS,18,18,2024,OFFICIAL_DISTRICT,Tiruchirappalli City Police / Tamil Nadu Police,Trichy City Police Jurisdictional Directory,https://tnpolice.gov.in/,Trichy City Commissionerate,Official Commissionerate Registry,1.0
TAMIL NADU,Salem,519,Salem,POLICE_STATIONS,20,20,2024,OFFICIAL_DISTRICT,Salem City Police / Tamil Nadu Police,Salem City Police Commissionerate Station Directory,https://salem.nic.in/,Police Administration,Official District Directory,1.0
NCT OF DELHI,New Delhi,404,New Delhi,POLICE_PERSONNEL_ACTUAL,4210,4920,2022,OFFICIAL_DISTRICT,Delhi Police / Ministry of Home Affairs,Delhi Police Annual Administration Report & CAG Audit,https://delhipolice.gov.in/,District Deployment Table,Official Administrative Audit Report,1.0
WEST BENGAL,Kolkata,631,Kolkata,POLICE_PERSONNEL_ACTUAL,24310,28500,2022,OFFICIAL_DISTRICT,Kolkata Police Department,Kolkata Police Gazetted Strength & Annual Review,https://kolkatapolice.gov.in/,Force Strength Overview,Official Departmental Review,1.0
WEST BENGAL,Kolkata,631,Kolkata,POLICE_STATIONS,91,91,2024,OFFICIAL_DISTRICT,Kolkata Police Department / Government of West Bengal,Kolkata Police 10-Division Station Directory,https://kolkatapolice.gov.in/,Know Your Police Station,Official Commissionerate Registry,1.0
WEST BENGAL,Haora,627,Haora,POLICE_STATIONS,18,18,2024,OFFICIAL_DISTRICT,Howrah Police Commissionerate / Government of West Bengal,Howrah Police Commissionerate Station Directory,https://wb.gov.in/,Home & Hill Affairs Directory,Official State Government Directory,1.0
WEST BENGAL,Haora,627,Haora,CYBER_CRIME_UNITS,1,1,2024,OFFICIAL_DISTRICT,Howrah Police Commissionerate,Howrah Cyber Crime Police Station Notification,https://wb.gov.in/,Specialized Units,Departmental Notification,1.0
WEST BENGAL,Barddhaman,623,Barddhaman,POLICE_STATIONS,20,20,2024,OFFICIAL_DISTRICT,Asansol Durgapur Police Commissionerate / Paschim Bardhaman,"ADPC Police Station Directory (East, West & Central Divisions)",https://paschimbardhaman.gov.in/,Police Administration,Official District Administration Directory,1.0
WEST BENGAL,North Twenty Four Parganas,635,North Twenty Four Parganas,POLICE_STATIONS,25,25,2024,OFFICIAL_DISTRICT,Barrackpore Police Commissionerate / Government of West Bengal,Barrackpore Police Commissionerate Station Directory (3 Zones + AWPS + Cyber),https://wb.gov.in/,Commissionerate Directory,Official State Government Directory,1.0
WEST BENGAL,North Twenty Four Parganas,635,North Twenty Four Parganas,WOMEN_POLICE_STATIONS,1,1,2024,OFFICIAL_DISTRICT,Barrackpore Police Commissionerate,Barrackpore Women Police Station Establishment,https://wb.gov.in/,Specialized Units,Official Departmental Establishment,1.0
WEST BENGAL,North Twenty Four Parganas,635,North Twenty Four Parganas,CYBER_CRIME_UNITS,1,1,2024,OFFICIAL_DISTRICT,Barrackpore Police Commissionerate,Barrackpore Cyber Crime Police Station Establishment,https://wb.gov.in/,Specialized Units,Official Departmental Establishment,1.0
WEST BENGAL,Hugli,628,Hugli,POLICE_STATIONS,9,9,2024,OFFICIAL_DISTRICT,Chandannagar Police Commissionerate / Hooghly District,Chandannagar Police Commissionerate Station Directory,https://hooghly.nic.in/,Police Directory,Official District Directory,1.0
WEST BENGAL,Darjiling,626,Darjiling,POLICE_STATIONS,8,8,2024,OFFICIAL_DISTRICT,Siliguri Police Commissionerate / Government of West Bengal,Siliguri Metropolitan Police Station Directory (East & West Zones),https://wb.gov.in/,Commissionerate Directory,Official State Government Directory,1.0
UTTAR PRADESH,Lucknow,583,Lucknow,POLICE_PERSONNEL_ACTUAL,7850,9640,2023,OFFICIAL_DISTRICT,Uttar Pradesh Police,Lucknow Police Commissionerate Annual Manpower Audit,https://uppolice.gov.in/,Commissionerate Deployment,Official Commissionerate Manpower Audit,1.0
UTTAR PRADESH,Gautam Buddha Nagar,564,Gautam Buddha Nagar,POLICE_PERSONNEL_ACTUAL,3940,4820,2023,OFFICIAL_DISTRICT,Uttar Pradesh Police,Noida Police Commissionerate Strength Register,https://uppolice.gov.in/,GB Nagar Commissionerate,Official Commissionerate Strength Register,1.0
UTTAR PRADESH,Kanpur Nagar,577,Kanpur Nagar,POLICE_STATIONS,49,49,2024,OFFICIAL_DISTRICT,Kanpur Nagar Police Commissionerate / District Kanpur Nagar,Kanpur Nagar Police Stations Official Directory,https://kanpurnagar.nic.in/police/,Police Directory,Official District Administration Directory,1.0
UTTAR PRADESH,Kanpur Nagar,577,Kanpur Nagar,CYBER_CRIME_UNITS,1,1,2024,OFFICIAL_DISTRICT,Uttar Pradesh Police,Kanpur Nagar Cyber Crime Police Station Directory,https://uppolice.gov.in/,Cyber Crime Police Stations,Official State Police Registry,1.0
UTTAR PRADESH,Kanpur Nagar,577,Kanpur Nagar,ECONOMIC_OFFENCES_UNITS,1,1,2024,OFFICIAL_DISTRICT,Uttar Pradesh Police,Kanpur Sector Economic Offences Wing Unit,https://uppolice.gov.in/,EOW Sector Directory,Official State Police Registry,1.0
UTTAR PRADESH,Varanasi,608,Varanasi,POLICE_STATIONS,30,30,2024,OFFICIAL_DISTRICT,Varanasi Police Commissionerate / District Varanasi,"Varanasi Police Stations Directory (Kashi, Varuna & Gomati Zones)",https://varanasi.nic.in/police/,Police Phone Directory,Official District Administration Directory,1.0
UTTAR PRADESH,Varanasi,608,Varanasi,CYBER_CRIME_UNITS,1,1,2024,OFFICIAL_DISTRICT,Uttar Pradesh Police,Varanasi Cyber Crime Police Station Directory,https://uppolice.gov.in/,Cyber Crime Police Stations,Official State Police Registry,1.0
UTTAR PRADESH,Varanasi,608,Varanasi,ECONOMIC_OFFENCES_UNITS,1,1,2024,OFFICIAL_DISTRICT,Uttar Pradesh Police,Varanasi Sector Economic Offences Wing Unit,https://uppolice.gov.in/,EOW Sector Directory,Official State Police Registry,1.0
UTTAR PRADESH,Agra,538,Agra,POLICE_STATIONS,44,44,2024,OFFICIAL_DISTRICT,Agra Police Commissionerate / District Agra,"Agra Police Station Directory (City, East & West Zones)",https://agra.nic.in/,Police Directory,Official District Administration Directory,1.0
UTTAR PRADESH,Agra,538,Agra,CYBER_CRIME_UNITS,1,1,2024,OFFICIAL_DISTRICT,Uttar Pradesh Police,Agra Cyber Crime Police Station Directory,https://uppolice.gov.in/,Cyber Crime Police Stations,Official State Police Registry,1.0
UTTAR PRADESH,Ghaziabad,565,Ghaziabad,POLICE_STATIONS,25,25,2024,OFFICIAL_DISTRICT,Ghaziabad Police Commissionerate / District Ghaziabad,Ghaziabad Police Station Directory,https://ghaziabad.nic.in/,Police Administration,Official District Administration Directory,1.0
KERALA,Thiruvananthapuram,278,Thiruvananthapuram,POLICE_PERSONNEL_ACTUAL,3410,3890,2023,OFFICIAL_DISTRICT,Kerala Police Department,Thiruvananthapuram City Police Strength Report,https://keralapolice.gov.in/,District Profile,State Police District Administrative Report,1.0
KERALA,Ernakulam,268,Ernakulam,POLICE_PERSONNEL_ACTUAL,3240,3650,2023,OFFICIAL_DISTRICT,Kerala Police Department,Kochi City Police Strength Report,https://keralapolice.gov.in/,Kochi City Profile,State Police District Administrative Report,1.0
KERALA,Kozhikode,274,Kozhikode,POLICE_STATIONS,20,20,2024,OFFICIAL_DISTRICT,Kozhikode City Police / Kerala Police Department,Kozhikode City Police Station Jurisdictional Directory,https://kozhikodecity.keralapolice.gov.in/,Police Stations Directory,Official Commissionerate Registry,1.0
KERALA,Kollam,272,Kollam,POLICE_STATIONS,20,20,2024,OFFICIAL_DISTRICT,Kollam City Police / Kerala Police Department,Kollam City Police Station Jurisdictional Directory (3 Divisions),https://kollamcity.keralapolice.gov.in/,Police Stations Directory,Official Commissionerate Registry,1.0
KERALA,Thrissur,279,Thrissur,POLICE_STATIONS,24,24,2024,OFFICIAL_DISTRICT,Thrissur City Police / Kerala Police Department,Thrissur City Police Station Jurisdictional Directory (4 Subdivisions),https://thrissurcity.keralapolice.gov.in/,Police Stations Directory,Official Commissionerate Registry,1.0
KERALA,Kannur,270,Kannur,POLICE_STATIONS,24,24,2024,OFFICIAL_DISTRICT,Kannur City Police / Kerala Police Department,Kannur City Police Station Jurisdictional Directory (3 Subdivisions),https://keralapolice.gov.in/,Kannur City Profile,Official Commissionerate Registry,1.0
GUJARAT,Ahmadabad,132,Ahmadabad,POLICE_PERSONNEL_ACTUAL,11850,14200,2023,OFFICIAL_DISTRICT,Gujarat Police Department,Ahmedabad City Police Annual Administrative Review,https://police.gujarat.gov.in/,City Police Force Strength,Official Commissionerate Review,1.0
GUJARAT,Surat,152,Surat,POLICE_PERSONNEL_ACTUAL,6540,7890,2023,OFFICIAL_DISTRICT,Gujarat Police Department,Surat City Police Force Strength Report,https://police.gujarat.gov.in/,Surat Force Deployment,Official Commissionerate Review,1.0
GUJARAT,Vadodara,156,Vadodara,POLICE_STATIONS,21,21,2024,OFFICIAL_DISTRICT,Vadodara City Police Commissionerate,"Vadodara City Police Jurisdictional Directory (4 Zones, 8 Divisions)",https://cpvadodara.gujarat.gov.in/,Police Stations Directory,Official Commissionerate Directory,1.0
GUJARAT,Rajkot,150,Rajkot,POLICE_STATIONS,12,12,2024,OFFICIAL_DISTRICT,Rajkot City Police Commissionerate,Rajkot City Police Law & Order Stations Registry (2 Zones),https://police.gujarat.gov.in/,Rajkot City Commissionerate,Official Commissionerate Directory,1.0
RAJASTHAN,Jaipur,481,Jaipur,POLICE_PERSONNEL_ACTUAL,9720,11400,2023,OFFICIAL_DISTRICT,Rajasthan Police Department,Jaipur Police Commissionerate Force Status,https://police.rajasthan.gov.in/,Commissionerate Strength,Official Commissionerate Administrative Report,1.0
RAJASTHAN,Jaipur,481,Jaipur,POLICE_STATIONS,61,61,2024,OFFICIAL_DISTRICT,Jaipur Police Commissionerate / Rajasthan Police,"Jaipur Police Stations Directory (East, West, North, South & Metro)",https://police.rajasthan.gov.in/,Police Stations Directory,Official Commissionerate Registry,1.0
RAJASTHAN,Jodhpur,486,Jodhpur,POLICE_STATIONS,30,30,2024,OFFICIAL_DISTRICT,Jodhpur Police Commissionerate / Rajasthan Police,Jodhpur Police Stations Directory (East & West Districts),https://jodhpurpolice.rajasthan.gov.in/,Police Stations Directory,Official Commissionerate Registry,1.0
PUNJAB,Ludhiana,455,Ludhiana,POLICE_PERSONNEL_ACTUAL,4180,4950,2023,OFFICIAL_DISTRICT,Punjab Police Department,Ludhiana Police Commissionerate Strength Report,https://punjabpolice.gov.in/,Commissionerate Setup,State Police Commissionerate Report,1.0
PUNJAB,Ludhiana,455,Ludhiana,POLICE_STATIONS,30,30,2024,OFFICIAL_DISTRICT,Ludhiana Police Commissionerate / Punjab Police,Ludhiana Police Commissionerate Station Directory (28 Regular + 2 Special),https://punjabpolice.gov.in/,Commissionerate Directory,Official Commissionerate Registry,1.0
PUNJAB,Ludhiana,455,Ludhiana,WOMEN_POLICE_STATIONS,1,1,2024,OFFICIAL_DISTRICT,Ludhiana Police Commissionerate,Ludhiana Women Police Station Establishment,https://punjabpolice.gov.in/,Specialized Units,Official Commissionerate Registry,1.0
PUNJAB,Amritsar,445,Amritsar,POLICE_PERSONNEL_ACTUAL,3620,4210,2023,OFFICIAL_DISTRICT,Punjab Police Department,Amritsar City Police Strength Register,https://punjabpolice.gov.in/,Commissionerate Strength,State Police Commissionerate Report,1.0
PUNJAB,Jalandhar,453,Jalandhar,POLICE_STATIONS,16,16,2024,OFFICIAL_DISTRICT,Jalandhar Police Commissionerate / District Jalandhar,Jalandhar Police Stations Directory (14 Regular + 2 Special),https://jalandhar.nic.in/,Police Directory,Official District Administration Directory,1.0
PUNJAB,Jalandhar,453,Jalandhar,WOMEN_POLICE_STATIONS,1,1,2024,OFFICIAL_DISTRICT,Jalandhar Police Commissionerate,Jalandhar Women Police Station Establishment,https://jalandhar.nic.in/,Police Directory,Official District Administration Directory,1.0
HARYANA,Gurgaon,162,Gurgaon,POLICE_STATIONS,43,43,2024,OFFICIAL_DISTRICT,Gurugram Police Commissionerate / Haryana Police,Gurugram Police Stations Directory & Jurisdictional List,https://gurugram.gov.in/,Police Administration,Official District Administration Directory,1.0
HARYANA,Faridabad,160,Faridabad,POLICE_STATIONS,20,20,2024,OFFICIAL_DISTRICT,Faridabad Police Commissionerate / District Faridabad,Faridabad Police Station Directory (17 Territorial + 3 Women),https://faridabad.nic.in/,Police Directory,Official District Administration Directory,1.0
HARYANA,Faridabad,160,Faridabad,WOMEN_POLICE_STATIONS,3,3,2024,OFFICIAL_DISTRICT,Faridabad Police Commissionerate,"Zonal Women Police Stations Establishment (NIT, Central, Ballabgarh)",https://faridabad.nic.in/,Police Directory,Official District Administration Directory,1.0
MADHYA PRADESH,Bhopal,289,Bhopal,POLICE_STATIONS,38,38,2024,OFFICIAL_DISTRICT,Bhopal Police Commissionerate / MP Police Department,Bhopal Urban Police District Station Directory (34 Regular + 4 Special),https://mppolice.gov.in/,Bhopal Commissionerate Setup,Official Commissionerate Registry,1.0
MADHYA PRADESH,Indore,302,Indore,POLICE_STATIONS,38,38,2024,OFFICIAL_DISTRICT,Indore Police Commissionerate / MP Police Department,Indore Police Commissionerate Jurisdictional Directory,https://indore.mppolice.gov.in/,Police Stations Directory,Official Commissionerate Registry,1.0
CHHATTISGARH,Raipur,123,Raipur,POLICE_STATIONS,33,33,2024,OFFICIAL_DISTRICT,Raipur Police Commissionerate / Chhattisgarh Police,Raipur Police Stations Directory (21 Urban + 12 Rural),https://raipur.gov.in/,Police Directory,Official District Administration Directory,1.0
JHARKHAND,Ranchi,233,Ranchi,POLICE_STATIONS,36,36,2024,OFFICIAL_DISTRICT,Jharkhand Police Department / District Ranchi,Ranchi District Police Profile (14 City + 22 Rural PS),https://jhpolice.gov.in/,Ranchi District Profile,Official State Police District Profile,1.0
JHARKHAND,Ranchi,233,Ranchi,POLICE_OUTPOSTS,6,6,2024,OFFICIAL_DISTRICT,Jharkhand Police Department,Ranchi District Outposts Directory (4 City + 2 Rural OPs),https://jhpolice.gov.in/,Ranchi District Profile,Official State Police District Profile,1.0
JHARKHAND,Dhanbad,216,Dhanbad,POLICE_STATIONS,29,29,2024,OFFICIAL_DISTRICT,Jharkhand Police Department / District Dhanbad,Dhanbad District Police Profile (17 Parent + 12 Subsidiary PS),https://jhpolice.gov.in/,Dhanbad District Profile,Official State Police District Profile,1.0
JHARKHAND,Dhanbad,216,Dhanbad,POLICE_OUTPOSTS,23,23,2024,OFFICIAL_DISTRICT,Jharkhand Police Department,Dhanbad Police Outposts Directory,https://jhpolice.gov.in/,Dhanbad District Profile,Official State Police District Profile,1.0
JHARKHAND,Purbi Singhbhum,231,Purbi Singhbhum,POLICE_STATIONS,36,36,2024,OFFICIAL_DISTRICT,Jharkhand Police Department,East Singhbhum District Police Station Contacts,https://jhpolice.gov.in/,East Singhbhum Directory,Official State Police District Profile,1.0
JHARKHAND,Purbi Singhbhum,231,Purbi Singhbhum,POLICE_OUTPOSTS,2,2,2024,OFFICIAL_DISTRICT,Jharkhand Police Department,East Singhbhum Police Outposts Directory,https://jhpolice.gov.in/,East Singhbhum Directory,Official State Police District Profile,1.0
JHARKHAND,Bokaro,213,Bokaro,POLICE_STATIONS,30,30,2024,OFFICIAL_DISTRICT,Jharkhand Police Department / District Bokaro,Bokaro District Police Station Directory,https://bokaro.nic.in/,Police Directory,Official District Administration Directory,1.0
JHARKHAND,Bokaro,213,Bokaro,POLICE_OUTPOSTS,8,8,2024,OFFICIAL_DISTRICT,Jharkhand Police Department,Bokaro Police Outposts Directory,https://jhpolice.gov.in/,Bokaro District Directory,Official State Police Directory,1.0
BIHAR,Patna,95,Patna,POLICE_STATIONS,75,75,2024,OFFICIAL_DISTRICT,Bihar Police Department / District Administration Patna,Patna District Police Station Jurisdictional Directory,https://patna.nic.in/,Police Administration Directory,Official District Administration Directory,1.0
ASSAM,Kamrup Metropolitan,58,Kamrup Metropolitan,POLICE_STATIONS,20,20,2024,OFFICIAL_DISTRICT,Assam Police Department / Guwahati Police Commissionerate,"Guwahati Police Commissionerate Station Directory (Central, East & West)",https://police.assam.gov.in/,Guwahati Commissionerate,Official State Police Registry,1.0
ODISHA,Cuttack,417,Cuttack,POLICE_STATIONS,21,21,2024,OFFICIAL_DISTRICT,Bhubaneswar-Cuttack Police Commissionerate / Odisha Police,Cuttack Urban Police District Station Directory (19 Regular + 2 Traffic),https://odishapolice.gov.in/,Cuttack UPD,Official Commissionerate Registry,1.0
ODISHA,Khordha,429,Khordha,POLICE_STATIONS,24,24,2024,OFFICIAL_DISTRICT,Bhubaneswar-Cuttack Police Commissionerate / Odisha Police,Bhubaneswar Urban Police District Station Directory (22 Regular + 2 Traffic),https://odishapolice.gov.in/,Bhubaneswar UPD,Official Commissionerate Registry,1.0
ODISHA,Khordha,429,Khordha,CYBER_CRIME_UNITS,1,1,2024,OFFICIAL_DISTRICT,Bhubaneswar-Cuttack Police Commissionerate,Bhubaneswar Cyber Crime & Economic Offence Police Station,https://odishapolice.gov.in/,Specialized Units,Official Departmental Establishment,1.0
HIMACHAL PRADESH,Shimla,187,Shimla,POLICE_STATIONS,20,20,2024,OFFICIAL_DISTRICT,Himachal Pradesh Police Department / District Shimla,Shimla District Police Station Directory (19 Regular + 1 Women PS),https://hppolice.gov.in/,Shimla District Unit,Official State Police Registry,1.0
HIMACHAL PRADESH,Shimla,187,Shimla,POLICE_OUTPOSTS,23,23,2024,OFFICIAL_DISTRICT,Himachal Pradesh Police Department,Shimla District Permanent Police Posts Directory,https://hppolice.gov.in/,Shimla District Unit,Official State Police Registry,1.0
HIMACHAL PRADESH,Shimla,187,Shimla,WOMEN_POLICE_STATIONS,1,1,2024,OFFICIAL_DISTRICT,Himachal Pradesh Police Department,Women Police Station Shimla Notification,https://hppolice.gov.in/,Specialized Units,Official State Police Registry,1.0
HIMACHAL PRADESH,Shimla,187,Shimla,CYBER_CRIME_UNITS,1,1,2024,OFFICIAL_DISTRICT,Himachal Pradesh Police Department,Cyber Crime Police Station Southern Range (Shimla),https://hppolice.gov.in/,Specialized Units,Official State Police Registry,1.0
JAMMU AND KASHMIR,Jammu,197,Jammu,POLICE_STATIONS,25,25,2024,OFFICIAL_DISTRICT,Jammu and Kashmir Police / District Jammu,District Jammu Police Stations Official Directory (8 Subdivisions),https://jammu.nic.in/public-utilities/police-stations/,Public Utilities - Police Stations,Official District Administration Directory,1.0
JAMMU AND KASHMIR,Jammu,197,Jammu,WOMEN_POLICE_STATIONS,1,1,2024,OFFICIAL_DISTRICT,Jammu and Kashmir Police,P/S Women Gandhi Nagar Jammu Establishment,https://jammu.nic.in/public-utilities/police-stations/,Public Utilities,Official District Directory,1.0
JAMMU AND KASHMIR,Jammu,197,Jammu,ANTI_HUMAN_TRAFFICKING_UNIT,1,1,2024,OFFICIAL_DISTRICT,Jammu and Kashmir Police,P/S Anti Human Trafficking Unit Jammu Establishment,https://jammu.nic.in/public-utilities/police-stations/,Public Utilities,Official District Directory,1.0
JAMMU AND KASHMIR,Srinagar,211,Srinagar,POLICE_STATIONS,29,29,2024,OFFICIAL_DISTRICT,Jammu and Kashmir Police / District Srinagar,District Srinagar Police Stations & Safety Jurisdictional Registry,https://srinagar.nic.in/,Safety & Awareness Directory,Official District Administration Directory,1.0
JAMMU AND KASHMIR,Srinagar,211,Srinagar,CYBER_CRIME_UNITS,1,1,2024,OFFICIAL_DISTRICT,Jammu and Kashmir Police,Cyber Police Station Srinagar Establishment,https://jkpolice.gov.in/,Specialized Units,Official State Police Registry,1.0
GOA,North Goa,130,North Goa,POLICE_STATIONS,15,15,2024,OFFICIAL_DISTRICT,Goa Police Department / Government of Goa,North Goa District Police Station Directory (14 Territorial + 1 Women PS),https://goapolice.gov.in/,North District Directory,Official State Police Directory,1.0
GOA,North Goa,130,North Goa,ANTI_HUMAN_TRAFFICKING_UNIT,1,1,2024,OFFICIAL_DISTRICT,Goa Police Department,Anti-Human Trafficking Unit North Goa Establishment,https://goapolice.gov.in/,Specialized Units,Official State Police Directory,1.0
GOA,South Goa,131,South Goa,POLICE_STATIONS,18,18,2024,OFFICIAL_DISTRICT,Goa Police Department / Government of Goa,South Goa District Police Station Directory (17 Territorial + 1 Women PS),https://goapolice.gov.in/,South District Directory,Official State Police Directory,1.0
GOA,South Goa,131,South Goa,ANTI_HUMAN_TRAFFICKING_UNIT,1,1,2024,OFFICIAL_DISTRICT,Goa Police Department,Anti-Human Trafficking Unit South Goa Establishment,https://goapolice.gov.in/,Specialized Units,Official State Police Directory,1.0
TRIPURA,West Tripura,537,West Tripura,POLICE_STATIONS,17,17,2024,OFFICIAL_DISTRICT,Tripura Police / District Administration West Tripura,West Tripura District Police Stations Directory (15 Territorial + 2 Women PS),https://westtripura.nic.in/,District Administration Directory,Official District Administration Directory,1.0
TRIPURA,West Tripura,537,West Tripura,WOMEN_POLICE_STATIONS,2,2,2024,OFFICIAL_DISTRICT,Tripura Police,East Agartala & West Agartala Women Police Stations,https://westtripura.nic.in/,Police Directory,Official District Administration Directory,1.0
MEGHALAYA,East Khasi Hills,377,East Khasi Hills,POLICE_STATIONS,16,16,2024,OFFICIAL_DISTRICT,Meghalaya Police Department / District East Khasi Hills,East Khasi Hills Police Station Directory (14 Regular + 1 Women + 1 Crime Branch),https://eastkhasihills.gov.in/,Police Administration,Official District Administration Directory,1.0
MEGHALAYA,East Khasi Hills,377,East Khasi Hills,WOMEN_POLICE_STATIONS,1,1,2024,OFFICIAL_DISTRICT,Meghalaya Police Department,Shillong Women Police Station Establishment,https://eastkhasihills.gov.in/,Police Administration,Official District Administration Directory,1.0
MANIPUR,Imphal West,371,Imphal West,POLICE_STATIONS,11,11,2024,OFFICIAL_DISTRICT,Manipur Police Department / District Imphal West,Imphal West District Police Stations Directory & Gazette,https://imphalwest.nic.in/,Administrative Setup - Police,Official District Administration Directory,1.0
MANIPUR,Imphal West,371,Imphal West,WOMEN_POLICE_STATIONS,1,1,2024,OFFICIAL_DISTRICT,Manipur Police Department,Women Police Station (IW) Establishment,https://imphalwest.nic.in/,Administrative Setup,Official District Administration Directory,1.0
MIZORAM,Aizawl,383,Aizawl,POLICE_STATIONS,8,8,2024,OFFICIAL_DISTRICT,Mizoram Police Department,Aizawl District Police Stations Directory,https://police.mizoram.gov.in/,Contact Numbers of Police Stations and Outposts,Official State Police Directory,1.0
MIZORAM,Aizawl,383,Aizawl,POLICE_OUTPOSTS,2,2,2024,OFFICIAL_DISTRICT,Mizoram Police Department,Aizawl District Police Outposts (Zonuam & Seling),https://police.mizoram.gov.in/,Contact Numbers of Police Stations and Outposts,Official State Police Directory,1.0
NAGALAND,Dimapur,391,Dimapur,POLICE_STATIONS,10,10,2023,OFFICIAL_DISTRICT,Nagaland Police / Commissioner of Police Dimapur,Dimapur Police Commissionerate Station Directory,https://nagaland.gov.in/,Home Department Police Setup,Official Departmental Directory,1.0
NAGALAND,Dimapur,391,Dimapur,WOMEN_POLICE_STATIONS,1,1,2023,OFFICIAL_DISTRICT,Nagaland Police,Women Police Station Dimapur Establishment,https://nagaland.gov.in/,Specialized Units,Official Departmental Directory,1.0
ARUNACHAL PRADESH,Papum Pare,36,Papum Pare,POLICE_STATIONS,9,9,2024,OFFICIAL_DISTRICT,Arunachal Pradesh Police / District Papum Pare,Papum Pare District Police Stations Directory,https://papumpare.nic.in/,Police Stations,Official District Administration Directory,1.0
SIKKIM,East District,498,East District,POLICE_STATIONS,9,9,2024,OFFICIAL_DISTRICT,Sikkim Police Department / District Gangtok,East District (Gangtok) Police Station Directory,https://police.sikkim.gov.in/,Police Stations Directory,Official State Police Directory,1.0
PUDUCHERRY,Pondicherry,443,Pondicherry,POLICE_STATIONS,22,22,2024,OFFICIAL_DISTRICT,Puducherry Police Department,Puducherry Police Manual 2024 (Puducherry District 22 Stations),https://police.py.gov.in/,Police Stations Directory,Official Police Manual Publication,1.0
ANDAMAN AND NICOBAR ISLANDS,South Andaman,3,South Andaman,POLICE_STATIONS,9,9,2024,OFFICIAL_DISTRICT,Andaman and Nicobar Police / District South Andaman,South Andaman Police Stations Directory,https://and.nic.in/,Public Utilities,Official Administration Directory,1.0
CHANDIGARH,Chandigarh,108,Chandigarh,POLICE_PERSONNEL_ACTUAL,7557,8328,2022,OFFICIAL_DISTRICT,Chandigarh Police / Ministry of Home Affairs (Lok Sabha AU2239),Data on Police Organizations & Lok Sabha Police Strength Q2239,https://chandigarhpolice.gov.in/,Force Strength Overview,Single-District UT Statutory Government Audit,1.0
CHANDIGARH,Chandigarh,108,Chandigarh,POLICE_STATIONS,17,17,2024,OFFICIAL_DISTRICT,Chandigarh Police / BPR&D DoPO 2024,Chandigarh Police Stations Directory (17 Functional Stations),https://chandigarhpolice.gov.in/,Police Stations Directory,Single-District UT Departmental Directory,1.0
CHANDIGARH,Chandigarh,108,Chandigarh,POLICE_OUTPOSTS,10,10,2024,OFFICIAL_DISTRICT,Chandigarh Police / BPR&D DoPO 2024,Chandigarh Police Posts Directory,https://chandigarhpolice.gov.in/,Police Posts Directory,Single-District UT Departmental Directory,1.0
LAKSHADWEEP,Lakshadweep,281,Lakshadweep,POLICE_PERSONNEL_ACTUAL,351,432,2022,OFFICIAL_DISTRICT,Lakshadweep Police / Ministry of Home Affairs (Lok Sabha AU2239),Data on Police Organizations & Lok Sabha Police Strength Q2239,https://lakshadweep.gov.in/,Police Department Administration,Single-District UT Statutory Government Audit,1.0
LAKSHADWEEP,Lakshadweep,281,Lakshadweep,POLICE_STATIONS,9,9,2024,OFFICIAL_DISTRICT,Lakshadweep Police / BPR&D DoPO 2024,Lakshadweep Island Police Stations Directory (9 Functional Stations),https://lakshadweep.gov.in/,Police Stations Directory,Single-District UT Departmental Directory,1.0
