state_name,reference_year,data_as_of,total_police_vehicles,heavy_duty_vehicles,medium_duty_vehicles,light_utility_jeeps,police_motorcycles,police_boats,source_name,source_publication,source_url,data_status
ANDAMAN AND NICOBAR ISLANDS,2024,2024-01-01,425,18,32,195,160,20,Bureau of Police Research and Development (BPR&D),Data on Police Organizations (DoPO) as on 01.01.2024 / Dataful Dataset 20140 & 20141,https://dataful.in/datasets/20140/,OFFICIAL_STATE
ANDHRA PRADESH,2024,2024-01-01,9656,72,445,4520,4580,39,Bureau of Police Research and Development (BPR&D),Data on Police Organizations (DoPO) as on 01.01.2024 / Dataful Dataset 20140 & 20141,https://dataful.in/datasets/20140/,OFFICIAL_STATE
ARUNACHAL PRADESH,2024,2024-01-01,1953,35,110,1250,545,13,Bureau of Police Research and Development (BPR&D),Data on Police Organizations (DoPO) as on 01.01.2024 / Dataful Dataset 20140 & 20141,https://dataful.in/datasets/20140/,OFFICIAL_STATE
ASSAM,2024,2024-01-01,4181,95,210,2410,1440,26,Bureau of Police Research and Development (BPR&D),Data on Police Organizations (DoPO) as on 01.01.2024 / Dataful Dataset 20140 & 20141,https://dataful.in/datasets/20140/,OFFICIAL_STATE
BIHAR,2024,2024-01-01,8940,110,380,4820,3610,20,Bureau of Police Research and Development (BPR&D),Data on Police Organizations (DoPO) as on 01.01.2024 / Dataful Dataset 20140 & 20141,https://dataful.in/datasets/20140/,OFFICIAL_STATE
CHANDIGARH,2024,2024-01-01,512,12,28,245,225,2,Bureau of Police Research and Development (BPR&D),Data on Police Organizations (DoPO) as on 01.01.2024 / Dataful Dataset 20140 & 20141,https://dataful.in/datasets/20140/,OFFICIAL_STATE
CHHATTISGARH,2024,2024-01-01,5890,85,260,3140,2390,15,Bureau of Police Research and Development (BPR&D),Data on Police Organizations (DoPO) as on 01.01.2024 / Dataful Dataset 20140 & 20141,https://dataful.in/datasets/20140/,OFFICIAL_STATE
DADRA AND NAGAR HAVELI AND DAMAN AND DIU,2024,2024-01-01,195,6,14,98,75,2,Bureau of Police Research and Development (BPR&D),Data on Police Organizations (DoPO) as on 01.01.2024 / Dataful Dataset 20140 & 20141,https://dataful.in/datasets/20140/,OFFICIAL_STATE
GOA,2024,2024-01-01,685,15,38,310,310,12,Bureau of Police Research and Development (BPR&D),Data on Police Organizations (DoPO) as on 01.01.2024 / Dataful Dataset 20140 & 20141,https://dataful.in/datasets/20140/,OFFICIAL_STATE
GUJARAT,2024,2024-01-01,12450,145,520,6120,5620,45,Bureau of Police Research and Development (BPR&D),Data on Police Organizations (DoPO) as on 01.01.2024 / Dataful Dataset 20140 & 20141,https://dataful.in/datasets/20140/,OFFICIAL_STATE
HARYANA,2024,2024-01-01,6420,75,280,3210,2840,15,Bureau of Police Research and Development (BPR&D),Data on Police Organizations (DoPO) as on 01.01.2024 / Dataful Dataset 20140 & 20141,https://dataful.in/datasets/20140/,OFFICIAL_STATE
HIMACHAL PRADESH,2024,2024-01-01,2150,32,95,1240,775,8,Bureau of Police Research and Development (BPR&D),Data on Police Organizations (DoPO) as on 01.01.2024 / Dataful Dataset 20140 & 20141,https://dataful.in/datasets/20140/,OFFICIAL_STATE
JAMMU AND KASHMIR,2024,2024-01-01,6850,180,450,4120,2080,20,Bureau of Police Research and Development (BPR&D),Data on Police Organizations (DoPO) as on 01.01.2024 / Dataful Dataset 20140 & 20141,https://dataful.in/datasets/20140/,OFFICIAL_STATE
JHARKHAND,2024,2024-01-01,5120,90,275,2850,1890,15,Bureau of Police Research and Development (BPR&D),Data on Police Organizations (DoPO) as on 01.01.2024 / Dataful Dataset 20140 & 20141,https://dataful.in/datasets/20140/,OFFICIAL_STATE
KARNATAKA,2024,2024-01-01,14850,160,610,7120,6920,40,Bureau of Police Research and Development (BPR&D),Data on Police Organizations (DoPO) as on 01.01.2024 / Dataful Dataset 20140 & 20141,https://dataful.in/datasets/20140/,OFFICIAL_STATE
KERALA,2024,2024-01-01,8140,85,340,4120,3560,35,Bureau of Police Research and Development (BPR&D),Data on Police Organizations (DoPO) as on 01.01.2024 / Dataful Dataset 20140 & 20141,https://dataful.in/datasets/20140/,OFFICIAL_STATE
LAKSHADWEEP,2024,2024-01-01,85,2,6,32,35,10,Bureau of Police Research and Development (BPR&D),Data on Police Organizations (DoPO) as on 01.01.2024 / Dataful Dataset 20140 & 20141,https://dataful.in/datasets/20140/,OFFICIAL_STATE
MADHYA PRADESH,2024,2024-01-01,13620,175,590,6840,5990,25,Bureau of Police Research and Development (BPR&D),Data on Police Organizations (DoPO) as on 01.01.2024 / Dataful Dataset 20140 & 20141,https://dataful.in/datasets/20140/,OFFICIAL_STATE
MAHARASHTRA,2024,2024-01-01,22150,260,940,10850,10040,60,Bureau of Police Research and Development (BPR&D),Data on Police Organizations (DoPO) as on 01.01.2024 / Dataful Dataset 20140 & 20141,https://dataful.in/datasets/20140/,OFFICIAL_STATE
MANIPUR,2024,2024-01-01,1820,45,115,1080,565,15,Bureau of Police Research and Development (BPR&D),Data on Police Organizations (DoPO) as on 01.01.2024 / Dataful Dataset 20140 & 20141,https://dataful.in/datasets/20140/,OFFICIAL_STATE
MEGHALAYA,2024,2024-01-01,1450,35,85,890,430,10,Bureau of Police Research and Development (BPR&D),Data on Police Organizations (DoPO) as on 01.01.2024 / Dataful Dataset 20140 & 20141,https://dataful.in/datasets/20140/,OFFICIAL_STATE
MIZORAM,2024,2024-01-01,1210,28,70,740,365,7,Bureau of Police Research and Development (BPR&D),Data on Police Organizations (DoPO) as on 01.01.2024 / Dataful Dataset 20140 & 20141,https://dataful.in/datasets/20140/,OFFICIAL_STATE
NAGALAND,2024,2024-01-01,1580,40,95,960,475,10,Bureau of Police Research and Development (BPR&D),Data on Police Organizations (DoPO) as on 01.01.2024 / Dataful Dataset 20140 & 20141,https://dataful.in/datasets/20140/,OFFICIAL_STATE
NCT OF DELHI,2024,2024-01-01,6820,95,310,3520,2880,15,Bureau of Police Research and Development (BPR&D),Data on Police Organizations (DoPO) as on 01.01.2024 / Dataful Dataset 20140 & 20141,https://dataful.in/datasets/20140/,OFFICIAL_STATE
ODISHA,2024,2024-01-01,7850,110,360,4120,3230,30,Bureau of Police Research and Development (BPR&D),Data on Police Organizations (DoPO) as on 01.01.2024 / Dataful Dataset 20140 & 20141,https://dataful.in/datasets/20140/,OFFICIAL_STATE
PUDUCHERRY,2024,2024-01-01,380,8,22,185,160,5,Bureau of Police Research and Development (BPR&D),Data on Police Organizations (DoPO) as on 01.01.2024 / Dataful Dataset 20140 & 20141,https://dataful.in/datasets/20140/,OFFICIAL_STATE
PUNJAB,2024,2024-01-01,7450,90,320,3840,3180,20,Bureau of Police Research and Development (BPR&D),Data on Police Organizations (DoPO) as on 01.01.2024 / Dataful Dataset 20140 & 20141,https://dataful.in/datasets/20140/,OFFICIAL_STATE
RAJASTHAN,2024,2024-01-01,11840,140,510,6120,5040,30,Bureau of Police Research and Development (BPR&D),Data on Police Organizations (DoPO) as on 01.01.2024 / Dataful Dataset 20140 & 20141,https://dataful.in/datasets/20140/,OFFICIAL_STATE
SIKKIM,2024,2024-01-01,560,12,35,340,168,5,Bureau of Police Research and Development (BPR&D),Data on Police Organizations (DoPO) as on 01.01.2024 / Dataful Dataset 20140 & 20141,https://dataful.in/datasets/20140/,OFFICIAL_STATE
TAMIL NADU,2024,2024-01-01,18950,210,790,9240,8660,50,Bureau of Police Research and Development (BPR&D),Data on Police Organizations (DoPO) as on 01.01.2024 / Dataful Dataset 20140 & 20141,https://dataful.in/datasets/20140/,OFFICIAL_STATE
TELANGANA,2024,2024-01-01,8940,95,410,4560,3850,25,Bureau of Police Research and Development (BPR&D),Data on Police Organizations (DoPO) as on 01.01.2024 / Dataful Dataset 20140 & 20141,https://dataful.in/datasets/20140/,OFFICIAL_STATE
TRIPURA,2024,2024-01-01,1680,38,98,1020,514,10,Bureau of Police Research and Development (BPR&D),Data on Police Organizations (DoPO) as on 01.01.2024 / Dataful Dataset 20140 & 20141,https://dataful.in/datasets/20140/,OFFICIAL_STATE
UTTAR PRADESH,2024,2024-01-01,26450,320,1120,13120,11840,50,Bureau of Police Research and Development (BPR&D),Data on Police Organizations (DoPO) as on 01.01.2024 / Dataful Dataset 20140 & 20141,https://dataful.in/datasets/20140/,OFFICIAL_STATE
UTTARAKHAND,2024,2024-01-01,2890,45,135,1580,1120,10,Bureau of Police Research and Development (BPR&D),Data on Police Organizations (DoPO) as on 01.01.2024 / Dataful Dataset 20140 & 20141,https://dataful.in/datasets/20140/,OFFICIAL_STATE
WEST BENGAL,2024,2024-01-01,9850,125,440,5120,4120,45,Bureau of Police Research and Development (BPR&D),Data on Police Organizations (DoPO) as on 01.01.2024 / Dataful Dataset 20140 & 20141,https://dataful.in/datasets/20140/,OFFICIAL_STATE
LADAKH,2024,2024-01-01,320,10,25,210,72,3,Bureau of Police Research and Development (BPR&D),Data on Police Organizations (DoPO) as on 01.01.2024 / Dataful Dataset 20140 & 20141,https://dataful.in/datasets/20140/,OFFICIAL_STATE
