state_name,reference_year,data_as_of,total_police_stations,rural_police_stations,urban_police_stations,police_outposts,source_name,source_publication,source_url,data_status
ANDAMAN AND NICOBAR ISLANDS,2024,2024-01-01,23,15,8,21,Bureau of Police Research and Development (BPR&D),Data on Police Organizations (DoPO) as on 01.01.2024 / Dataful Dataset 20145,https://dataful.in/datasets/20145/,OFFICIAL_STATE
ANDHRA PRADESH,2024,2024-01-01,1007,680,327,412,Bureau of Police Research and Development (BPR&D),Data on Police Organizations (DoPO) as on 01.01.2024 / Dataful Dataset 20145,https://dataful.in/datasets/20145/,OFFICIAL_STATE
ARUNACHAL PRADESH,2024,2024-01-01,102,78,24,45,Bureau of Police Research and Development (BPR&D),Data on Police Organizations (DoPO) as on 01.01.2024 / Dataful Dataset 20145,https://dataful.in/datasets/20145/,OFFICIAL_STATE
ASSAM,2024,2024-01-01,337,245,92,296,Bureau of Police Research and Development (BPR&D),Data on Police Organizations (DoPO) as on 01.01.2024 / Dataful Dataset 20145,https://dataful.in/datasets/20145/,OFFICIAL_STATE
BIHAR,2024,2024-01-01,1102,850,252,280,Bureau of Police Research and Development (BPR&D),Data on Police Organizations (DoPO) as on 01.01.2024 / Dataful Dataset 20145,https://dataful.in/datasets/20145/,OFFICIAL_STATE
CHANDIGARH,2024,2024-01-01,17,0,17,10,Bureau of Police Research and Development (BPR&D),Data on Police Organizations (DoPO) as on 01.01.2024 / Dataful Dataset 20145,https://dataful.in/datasets/20145/,OFFICIAL_STATE
CHHATTISGARH,2024,2024-01-01,482,340,142,118,Bureau of Police Research and Development (BPR&D),Data on Police Organizations (DoPO) as on 01.01.2024 / Dataful Dataset 20145,https://dataful.in/datasets/20145/,OFFICIAL_STATE
DADRA AND NAGAR HAVELI AND DAMAN AND DIU,2024,2024-01-01,8,3,5,12,Bureau of Police Research and Development (BPR&D),Data on Police Organizations (DoPO) as on 01.01.2024 / Dataful Dataset 20145,https://dataful.in/datasets/20145/,OFFICIAL_STATE
GOA,2024,2024-01-01,35,12,23,14,Bureau of Police Research and Development (BPR&D),Data on Police Organizations (DoPO) as on 01.01.2024 / Dataful Dataset 20145,https://dataful.in/datasets/20145/,OFFICIAL_STATE
GUJARAT,2024,2024-01-01,670,390,280,485,Bureau of Police Research and Development (BPR&D),Data on Police Organizations (DoPO) as on 01.01.2024 / Dataful Dataset 20145,https://dataful.in/datasets/20145/,OFFICIAL_STATE
HARYANA,2024,2024-01-01,380,195,185,355,Bureau of Police Research and Development (BPR&D),Data on Police Organizations (DoPO) as on 01.01.2024 / Dataful Dataset 20145,https://dataful.in/datasets/20145/,OFFICIAL_STATE
HIMACHAL PRADESH,2024,2024-01-01,138,98,40,115,Bureau of Police Research and Development (BPR&D),Data on Police Organizations (DoPO) as on 01.01.2024 / Dataful Dataset 20145,https://dataful.in/datasets/20145/,OFFICIAL_STATE
JAMMU AND KASHMIR,2024,2024-01-01,240,160,80,210,Bureau of Police Research and Development (BPR&D),Data on Police Organizations (DoPO) as on 01.01.2024 / Dataful Dataset 20145,https://dataful.in/datasets/20145/,OFFICIAL_STATE
JHARKHAND,2024,2024-01-01,552,410,142,175,Bureau of Police Research and Development (BPR&D),Data on Police Organizations (DoPO) as on 01.01.2024 / Dataful Dataset 20145,https://dataful.in/datasets/20145/,OFFICIAL_STATE
KARNATAKA,2024,2024-01-01,1045,620,425,490,Bureau of Police Research and Development (BPR&D),Data on Police Organizations (DoPO) as on 01.01.2024 / Dataful Dataset 20145,https://dataful.in/datasets/20145/,OFFICIAL_STATE
KERALA,2024,2024-01-01,522,280,242,88,Bureau of Police Research and Development (BPR&D),Data on Police Organizations (DoPO) as on 01.01.2024 / Dataful Dataset 20145,https://dataful.in/datasets/20145/,OFFICIAL_STATE
LAKSHADWEEP,2024,2024-01-01,9,9,0,0,Bureau of Police Research and Development (BPR&D),Data on Police Organizations (DoPO) as on 01.01.2024 / Dataful Dataset 20145,https://dataful.in/datasets/20145/,OFFICIAL_STATE
MADHYA PRADESH,2024,2024-01-01,1115,780,335,610,Bureau of Police Research and Development (BPR&D),Data on Police Organizations (DoPO) as on 01.01.2024 / Dataful Dataset 20145,https://dataful.in/datasets/20145/,OFFICIAL_STATE
MAHARASHTRA,2024,2024-01-01,1165,520,645,995,Bureau of Police Research and Development (BPR&D),Data on Police Organizations (DoPO) as on 01.01.2024 / Dataful Dataset 20145,https://dataful.in/datasets/20145/,OFFICIAL_STATE
MANIPUR,2024,2024-01-01,98,70,28,64,Bureau of Police Research and Development (BPR&D),Data on Police Organizations (DoPO) as on 01.01.2024 / Dataful Dataset 20145,https://dataful.in/datasets/20145/,OFFICIAL_STATE
MEGHALAYA,2024,2024-01-01,72,48,24,52,Bureau of Police Research and Development (BPR&D),Data on Police Organizations (DoPO) as on 01.01.2024 / Dataful Dataset 20145,https://dataful.in/datasets/20145/,OFFICIAL_STATE
MIZORAM,2024,2024-01-01,42,26,16,18,Bureau of Police Research and Development (BPR&D),Data on Police Organizations (DoPO) as on 01.01.2024 / Dataful Dataset 20145,https://dataful.in/datasets/20145/,OFFICIAL_STATE
NAGALAND,2024,2024-01-01,85,60,25,34,Bureau of Police Research and Development (BPR&D),Data on Police Organizations (DoPO) as on 01.01.2024 / Dataful Dataset 20145,https://dataful.in/datasets/20145/,OFFICIAL_STATE
NCT OF DELHI,2024,2024-01-01,215,0,215,85,Bureau of Police Research and Development (BPR&D),Data on Police Organizations (DoPO) as on 01.01.2024 / Dataful Dataset 20145,https://dataful.in/datasets/20145/,OFFICIAL_STATE
ODISHA,2024,2024-01-01,635,465,170,340,Bureau of Police Research and Development (BPR&D),Data on Police Organizations (DoPO) as on 01.01.2024 / Dataful Dataset 20145,https://dataful.in/datasets/20145/,OFFICIAL_STATE
PUDUCHERRY,2024,2024-01-01,34,10,24,16,Bureau of Police Research and Development (BPR&D),Data on Police Organizations (DoPO) as on 01.01.2024 / Dataful Dataset 20145,https://dataful.in/datasets/20145/,OFFICIAL_STATE
PUNJAB,2024,2024-01-01,432,210,222,380,Bureau of Police Research and Development (BPR&D),Data on Police Organizations (DoPO) as on 01.01.2024 / Dataful Dataset 20145,https://dataful.in/datasets/20145/,OFFICIAL_STATE
RAJASTHAN,2024,2024-01-01,898,620,278,810,Bureau of Police Research and Development (BPR&D),Data on Police Organizations (DoPO) as on 01.01.2024 / Dataful Dataset 20145,https://dataful.in/datasets/20145/,OFFICIAL_STATE
SIKKIM,2024,2024-01-01,29,21,8,15,Bureau of Police Research and Development (BPR&D),Data on Police Organizations (DoPO) as on 01.01.2024 / Dataful Dataset 20145,https://dataful.in/datasets/20145/,OFFICIAL_STATE
TAMIL NADU,2024,2024-01-01,1520,780,740,890,Bureau of Police Research and Development (BPR&D),Data on Police Organizations (DoPO) as on 01.01.2024 / Dataful Dataset 20145,https://dataful.in/datasets/20145/,OFFICIAL_STATE
TELANGANA,2024,2024-01-01,780,440,340,245,Bureau of Police Research and Development (BPR&D),Data on Police Organizations (DoPO) as on 01.01.2024 / Dataful Dataset 20145,https://dataful.in/datasets/20145/,OFFICIAL_STATE
TRIPURA,2024,2024-01-01,82,54,28,62,Bureau of Police Research and Development (BPR&D),Data on Police Organizations (DoPO) as on 01.01.2024 / Dataful Dataset 20145,https://dataful.in/datasets/20145/,OFFICIAL_STATE
UTTAR PRADESH,2024,2024-01-01,1540,990,550,1120,Bureau of Police Research and Development (BPR&D),Data on Police Organizations (DoPO) as on 01.01.2024 / Dataful Dataset 20145,https://dataful.in/datasets/20145/,OFFICIAL_STATE
UTTARAKHAND,2024,2024-01-01,162,110,52,118,Bureau of Police Research and Development (BPR&D),Data on Police Organizations (DoPO) as on 01.01.2024 / Dataful Dataset 20145,https://dataful.in/datasets/20145/,OFFICIAL_STATE
WEST BENGAL,2024,2024-01-01,630,380,250,465,Bureau of Police Research and Development (BPR&D),Data on Police Organizations (DoPO) as on 01.01.2024 / Dataful Dataset 20145,https://dataful.in/datasets/20145/,OFFICIAL_STATE
LADAKH,2024,2024-01-01,12,10,2,8,Bureau of Police Research and Development (BPR&D),Data on Police Organizations (DoPO) as on 01.01.2024 / Dataful Dataset 20145,https://dataful.in/datasets/20145/,OFFICIAL_STATE
