state_name,reference_year,data_as_of,women_police_stations,cyber_police_stations,anti_corruption_stations,economic_offences_stations,source_name,source_publication,source_url,data_status
ANDAMAN AND NICOBAR ISLANDS,2024,2024-01-01,1,1,1,0,Bureau of Police Research and Development (BPR&D),Data on Police Organizations (DoPO) as on 01.01.2024 / Dataful Dataset 20144,https://dataful.in/datasets/20144/,OFFICIAL_STATE
ANDHRA PRADESH,2024,2024-01-01,18,6,2,1,Bureau of Police Research and Development (BPR&D),Data on Police Organizations (DoPO) as on 01.01.2024 / Dataful Dataset 20144,https://dataful.in/datasets/20144/,OFFICIAL_STATE
ARUNACHAL PRADESH,2024,2024-01-01,2,1,1,0,Bureau of Police Research and Development (BPR&D),Data on Police Organizations (DoPO) as on 01.01.2024 / Dataful Dataset 20144,https://dataful.in/datasets/20144/,OFFICIAL_STATE
ASSAM,2024,2024-01-01,6,3,1,1,Bureau of Police Research and Development (BPR&D),Data on Police Organizations (DoPO) as on 01.01.2024 / Dataful Dataset 20144,https://dataful.in/datasets/20144/,OFFICIAL_STATE
BIHAR,2024,2024-01-01,40,44,1,1,Bureau of Police Research and Development (BPR&D),Data on Police Organizations (DoPO) as on 01.01.2024 / Dataful Dataset 20144,https://dataful.in/datasets/20144/,OFFICIAL_STATE
CHANDIGARH,2024,2024-01-01,1,1,1,1,Bureau of Police Research and Development (BPR&D),Data on Police Organizations (DoPO) as on 01.01.2024 / Dataful Dataset 20144,https://dataful.in/datasets/20144/,OFFICIAL_STATE
CHHATTISGARH,2024,2024-01-01,6,5,1,1,Bureau of Police Research and Development (BPR&D),Data on Police Organizations (DoPO) as on 01.01.2024 / Dataful Dataset 20144,https://dataful.in/datasets/20144/,OFFICIAL_STATE
DADRA AND NAGAR HAVELI AND DAMAN AND DIU,2024,2024-01-01,1,1,0,0,Bureau of Police Research and Development (BPR&D),Data on Police Organizations (DoPO) as on 01.01.2024 / Dataful Dataset 20144,https://dataful.in/datasets/20144/,OFFICIAL_STATE
GOA,2024,2024-01-01,1,1,1,1,Bureau of Police Research and Development (BPR&D),Data on Police Organizations (DoPO) as on 01.01.2024 / Dataful Dataset 20144,https://dataful.in/datasets/20144/,OFFICIAL_STATE
GUJARAT,2024,2024-01-01,38,14,1,2,Bureau of Police Research and Development (BPR&D),Data on Police Organizations (DoPO) as on 01.01.2024 / Dataful Dataset 20144,https://dataful.in/datasets/20144/,OFFICIAL_STATE
HARYANA,2024,2024-01-01,33,8,1,1,Bureau of Police Research and Development (BPR&D),Data on Police Organizations (DoPO) as on 01.01.2024 / Dataful Dataset 20144,https://dataful.in/datasets/20144/,OFFICIAL_STATE
HIMACHAL PRADESH,2024,2024-01-01,3,3,1,0,Bureau of Police Research and Development (BPR&D),Data on Police Organizations (DoPO) as on 01.01.2024 / Dataful Dataset 20144,https://dataful.in/datasets/20144/,OFFICIAL_STATE
JAMMU AND KASHMIR,2024,2024-01-01,6,2,1,1,Bureau of Police Research and Development (BPR&D),Data on Police Organizations (DoPO) as on 01.01.2024 / Dataful Dataset 20144,https://dataful.in/datasets/20144/,OFFICIAL_STATE
JHARKHAND,2024,2024-01-01,24,8,1,1,Bureau of Police Research and Development (BPR&D),Data on Police Organizations (DoPO) as on 01.01.2024 / Dataful Dataset 20144,https://dataful.in/datasets/20144/,OFFICIAL_STATE
KARNATAKA,2024,2024-01-01,35,43,1,2,Bureau of Police Research and Development (BPR&D),Data on Police Organizations (DoPO) as on 01.01.2024 / Dataful Dataset 20144,https://dataful.in/datasets/20144/,OFFICIAL_STATE
KERALA,2024,2024-01-01,19,19,1,1,Bureau of Police Research and Development (BPR&D),Data on Police Organizations (DoPO) as on 01.01.2024 / Dataful Dataset 20144,https://dataful.in/datasets/20144/,OFFICIAL_STATE
LAKSHADWEEP,2024,2024-01-01,0,0,0,0,Bureau of Police Research and Development (BPR&D),Data on Police Organizations (DoPO) as on 01.01.2024 / Dataful Dataset 20144,https://dataful.in/datasets/20144/,OFFICIAL_STATE
MADHYA PRADESH,2024,2024-01-01,52,20,1,1,Bureau of Police Research and Development (BPR&D),Data on Police Organizations (DoPO) as on 01.01.2024 / Dataful Dataset 20144,https://dataful.in/datasets/20144/,OFFICIAL_STATE
MAHARASHTRA,2024,2024-01-01,44,47,1,3,Bureau of Police Research and Development (BPR&D),Data on Police Organizations (DoPO) as on 01.01.2024 / Dataful Dataset 20144,https://dataful.in/datasets/20144/,OFFICIAL_STATE
MANIPUR,2024,2024-01-01,9,1,1,0,Bureau of Police Research and Development (BPR&D),Data on Police Organizations (DoPO) as on 01.01.2024 / Dataful Dataset 20144,https://dataful.in/datasets/20144/,OFFICIAL_STATE
MEGHALAYA,2024,2024-01-01,4,1,1,0,Bureau of Police Research and Development (BPR&D),Data on Police Organizations (DoPO) as on 01.01.2024 / Dataful Dataset 20144,https://dataful.in/datasets/20144/,OFFICIAL_STATE
MIZORAM,2024,2024-01-01,3,1,1,0,Bureau of Police Research and Development (BPR&D),Data on Police Organizations (DoPO) as on 01.01.2024 / Dataful Dataset 20144,https://dataful.in/datasets/20144/,OFFICIAL_STATE
NAGALAND,2024,2024-01-01,8,1,1,0,Bureau of Police Research and Development (BPR&D),Data on Police Organizations (DoPO) as on 01.01.2024 / Dataful Dataset 20144,https://dataful.in/datasets/20144/,OFFICIAL_STATE
NCT OF DELHI,2024,2024-01-01,15,15,1,2,Bureau of Police Research and Development (BPR&D),Data on Police Organizations (DoPO) as on 01.01.2024 / Dataful Dataset 20144,https://dataful.in/datasets/20144/,OFFICIAL_STATE
ODISHA,2024,2024-01-01,14,7,1,1,Bureau of Police Research and Development (BPR&D),Data on Police Organizations (DoPO) as on 01.01.2024 / Dataful Dataset 20144,https://dataful.in/datasets/20144/,OFFICIAL_STATE
PUDUCHERRY,2024,2024-01-01,2,1,1,0,Bureau of Police Research and Development (BPR&D),Data on Police Organizations (DoPO) as on 01.01.2024 / Dataful Dataset 20144,https://dataful.in/datasets/20144/,OFFICIAL_STATE
PUNJAB,2024,2024-01-01,28,8,1,1,Bureau of Police Research and Development (BPR&D),Data on Police Organizations (DoPO) as on 01.01.2024 / Dataful Dataset 20144,https://dataful.in/datasets/20144/,OFFICIAL_STATE
RAJASTHAN,2024,2024-01-01,42,33,1,1,Bureau of Police Research and Development (BPR&D),Data on Police Organizations (DoPO) as on 01.01.2024 / Dataful Dataset 20144,https://dataful.in/datasets/20144/,OFFICIAL_STATE
SIKKIM,2024,2024-01-01,1,1,1,0,Bureau of Police Research and Development (BPR&D),Data on Police Organizations (DoPO) as on 01.01.2024 / Dataful Dataset 20144,https://dataful.in/datasets/20144/,OFFICIAL_STATE
TAMIL NADU,2024,2024-01-01,202,46,1,2,Bureau of Police Research and Development (BPR&D),Data on Police Organizations (DoPO) as on 01.01.2024 / Dataful Dataset 20144,https://dataful.in/datasets/20144/,OFFICIAL_STATE
TELANGANA,2024,2024-01-01,31,9,1,1,Bureau of Police Research and Development (BPR&D),Data on Police Organizations (DoPO) as on 01.01.2024 / Dataful Dataset 20144,https://dataful.in/datasets/20144/,OFFICIAL_STATE
TRIPURA,2024,2024-01-01,7,1,1,0,Bureau of Police Research and Development (BPR&D),Data on Police Organizations (DoPO) as on 01.01.2024 / Dataful Dataset 20144,https://dataful.in/datasets/20144/,OFFICIAL_STATE
UTTAR PRADESH,2024,2024-01-01,75,75,1,2,Bureau of Police Research and Development (BPR&D),Data on Police Organizations (DoPO) as on 01.01.2024 / Dataful Dataset 20144,https://dataful.in/datasets/20144/,OFFICIAL_STATE
UTTARAKHAND,2024,2024-01-01,5,2,1,0,Bureau of Police Research and Development (BPR&D),Data on Police Organizations (DoPO) as on 01.01.2024 / Dataful Dataset 20144,https://dataful.in/datasets/20144/,OFFICIAL_STATE
WEST BENGAL,2024,2024-01-01,32,28,1,1,Bureau of Police Research and Development (BPR&D),Data on Police Organizations (DoPO) as on 01.01.2024 / Dataful Dataset 20144,https://dataful.in/datasets/20144/,OFFICIAL_STATE
LADAKH,2024,2024-01-01,1,1,0,0,Bureau of Police Research and Development (BPR&D),Data on Police Organizations (DoPO) as on 01.01.2024 / Dataful Dataset 20144,https://dataful.in/datasets/20144/,OFFICIAL_STATE
