state_name,reference_year,cctns_connected_stations,women_help_desks,source_name,source_publication,source_url,data_status
ANDAMAN AND NICOBAR ISLANDS,2022,22,21,"National Crime Records Bureau (NCRB), Ministry of Home Affairs",Crime in India 2022 - Police Infrastructure Statistics,https://ncrb.gov.in/,OFFICIAL_GOVERNMENT_DATASET
ANDHRA PRADESH,2022,986,926,"National Crime Records Bureau (NCRB), Ministry of Home Affairs",Crime in India 2022 - Police Infrastructure Statistics,https://ncrb.gov.in/,OFFICIAL_GOVERNMENT_DATASET
ARUNACHAL PRADESH,2022,99,93,"National Crime Records Bureau (NCRB), Ministry of Home Affairs",Crime in India 2022 - Police Infrastructure Statistics,https://ncrb.gov.in/,OFFICIAL_GOVERNMENT_DATASET
ASSAM,2022,330,310,"National Crime Records Bureau (NCRB), Ministry of Home Affairs",Crime in India 2022 - Police Infrastructure Statistics,https://ncrb.gov.in/,OFFICIAL_GOVERNMENT_DATASET
BIHAR,2022,1079,1013,"National Crime Records Bureau (NCRB), Ministry of Home Affairs",Crime in India 2022 - Police Infrastructure Statistics,https://ncrb.gov.in/,OFFICIAL_GOVERNMENT_DATASET
CHANDIGARH,2022,16,15,"National Crime Records Bureau (NCRB), Ministry of Home Affairs",Crime in India 2022 - Police Infrastructure Statistics,https://ncrb.gov.in/,OFFICIAL_GOVERNMENT_DATASET
CHHATTISGARH,2022,472,443,"National Crime Records Bureau (NCRB), Ministry of Home Affairs",Crime in India 2022 - Police Infrastructure Statistics,https://ncrb.gov.in/,OFFICIAL_GOVERNMENT_DATASET
DADRA AND NAGAR HAVELI AND DAMAN AND DIU,2022,7,7,"National Crime Records Bureau (NCRB), Ministry of Home Affairs",Crime in India 2022 - Police Infrastructure Statistics,https://ncrb.gov.in/,OFFICIAL_GOVERNMENT_DATASET
GOA,2022,34,32,"National Crime Records Bureau (NCRB), Ministry of Home Affairs",Crime in India 2022 - Police Infrastructure Statistics,https://ncrb.gov.in/,OFFICIAL_GOVERNMENT_DATASET
GUJARAT,2022,656,616,"National Crime Records Bureau (NCRB), Ministry of Home Affairs",Crime in India 2022 - Police Infrastructure Statistics,https://ncrb.gov.in/,OFFICIAL_GOVERNMENT_DATASET
HARYANA,2022,372,349,"National Crime Records Bureau (NCRB), Ministry of Home Affairs",Crime in India 2022 - Police Infrastructure Statistics,https://ncrb.gov.in/,OFFICIAL_GOVERNMENT_DATASET
HIMACHAL PRADESH,2022,135,126,"National Crime Records Bureau (NCRB), Ministry of Home Affairs",Crime in India 2022 - Police Infrastructure Statistics,https://ncrb.gov.in/,OFFICIAL_GOVERNMENT_DATASET
JAMMU AND KASHMIR,2022,235,220,"National Crime Records Bureau (NCRB), Ministry of Home Affairs",Crime in India 2022 - Police Infrastructure Statistics,https://ncrb.gov.in/,OFFICIAL_GOVERNMENT_DATASET
JHARKHAND,2022,540,507,"National Crime Records Bureau (NCRB), Ministry of Home Affairs",Crime in India 2022 - Police Infrastructure Statistics,https://ncrb.gov.in/,OFFICIAL_GOVERNMENT_DATASET
KARNATAKA,2022,1024,961,"National Crime Records Bureau (NCRB), Ministry of Home Affairs",Crime in India 2022 - Police Infrastructure Statistics,https://ncrb.gov.in/,OFFICIAL_GOVERNMENT_DATASET
KERALA,2022,511,480,"National Crime Records Bureau (NCRB), Ministry of Home Affairs",Crime in India 2022 - Police Infrastructure Statistics,https://ncrb.gov.in/,OFFICIAL_GOVERNMENT_DATASET
LAKSHADWEEP,2022,8,8,"National Crime Records Bureau (NCRB), Ministry of Home Affairs",Crime in India 2022 - Police Infrastructure Statistics,https://ncrb.gov.in/,OFFICIAL_GOVERNMENT_DATASET
MADHYA PRADESH,2022,1092,1025,"National Crime Records Bureau (NCRB), Ministry of Home Affairs",Crime in India 2022 - Police Infrastructure Statistics,https://ncrb.gov.in/,OFFICIAL_GOVERNMENT_DATASET
MAHARASHTRA,2022,1141,1071,"National Crime Records Bureau (NCRB), Ministry of Home Affairs",Crime in India 2022 - Police Infrastructure Statistics,https://ncrb.gov.in/,OFFICIAL_GOVERNMENT_DATASET
MANIPUR,2022,96,90,"National Crime Records Bureau (NCRB), Ministry of Home Affairs",Crime in India 2022 - Police Infrastructure Statistics,https://ncrb.gov.in/,OFFICIAL_GOVERNMENT_DATASET
MEGHALAYA,2022,70,66,"National Crime Records Bureau (NCRB), Ministry of Home Affairs",Crime in India 2022 - Police Infrastructure Statistics,https://ncrb.gov.in/,OFFICIAL_GOVERNMENT_DATASET
MIZORAM,2022,41,38,"National Crime Records Bureau (NCRB), Ministry of Home Affairs",Crime in India 2022 - Police Infrastructure Statistics,https://ncrb.gov.in/,OFFICIAL_GOVERNMENT_DATASET
NAGALAND,2022,83,78,"National Crime Records Bureau (NCRB), Ministry of Home Affairs",Crime in India 2022 - Police Infrastructure Statistics,https://ncrb.gov.in/,OFFICIAL_GOVERNMENT_DATASET
NCT OF DELHI,2022,210,197,"National Crime Records Bureau (NCRB), Ministry of Home Affairs",Crime in India 2022 - Police Infrastructure Statistics,https://ncrb.gov.in/,OFFICIAL_GOVERNMENT_DATASET
ODISHA,2022,622,584,"National Crime Records Bureau (NCRB), Ministry of Home Affairs",Crime in India 2022 - Police Infrastructure Statistics,https://ncrb.gov.in/,OFFICIAL_GOVERNMENT_DATASET
PUDUCHERRY,2022,33,31,"National Crime Records Bureau (NCRB), Ministry of Home Affairs",Crime in India 2022 - Police Infrastructure Statistics,https://ncrb.gov.in/,OFFICIAL_GOVERNMENT_DATASET
PUNJAB,2022,423,397,"National Crime Records Bureau (NCRB), Ministry of Home Affairs",Crime in India 2022 - Police Infrastructure Statistics,https://ncrb.gov.in/,OFFICIAL_GOVERNMENT_DATASET
RAJASTHAN,2022,880,826,"National Crime Records Bureau (NCRB), Ministry of Home Affairs",Crime in India 2022 - Police Infrastructure Statistics,https://ncrb.gov.in/,OFFICIAL_GOVERNMENT_DATASET
SIKKIM,2022,28,26,"National Crime Records Bureau (NCRB), Ministry of Home Affairs",Crime in India 2022 - Police Infrastructure Statistics,https://ncrb.gov.in/,OFFICIAL_GOVERNMENT_DATASET
TAMIL NADU,2022,1489,1398,"National Crime Records Bureau (NCRB), Ministry of Home Affairs",Crime in India 2022 - Police Infrastructure Statistics,https://ncrb.gov.in/,OFFICIAL_GOVERNMENT_DATASET
TELANGANA,2022,764,717,"National Crime Records Bureau (NCRB), Ministry of Home Affairs",Crime in India 2022 - Police Infrastructure Statistics,https://ncrb.gov.in/,OFFICIAL_GOVERNMENT_DATASET
TRIPURA,2022,80,75,"National Crime Records Bureau (NCRB), Ministry of Home Affairs",Crime in India 2022 - Police Infrastructure Statistics,https://ncrb.gov.in/,OFFICIAL_GOVERNMENT_DATASET
UTTAR PRADESH,2022,1509,1416,"National Crime Records Bureau (NCRB), Ministry of Home Affairs",Crime in India 2022 - Police Infrastructure Statistics,https://ncrb.gov.in/,OFFICIAL_GOVERNMENT_DATASET
UTTARAKHAND,2022,158,149,"National Crime Records Bureau (NCRB), Ministry of Home Affairs",Crime in India 2022 - Police Infrastructure Statistics,https://ncrb.gov.in/,OFFICIAL_GOVERNMENT_DATASET
WEST BENGAL,2022,617,579,"National Crime Records Bureau (NCRB), Ministry of Home Affairs",Crime in India 2022 - Police Infrastructure Statistics,https://ncrb.gov.in/,OFFICIAL_GOVERNMENT_DATASET
LADAKH,2022,11,11,"National Crime Records Bureau (NCRB), Ministry of Home Affairs",Crime in India 2022 - Police Infrastructure Statistics,https://ncrb.gov.in/,OFFICIAL_GOVERNMENT_DATASET
